form_filename,form_field_name,canonical_field
Fillable_Annual_Report_of_the_Person-_Updated_05.2025.pdf,No C1PB,
Fillable_Annual_Report_of_the_Person-_Updated_05.2025.pdf,undefined,
Fillable_Annual_Report_of_the_Person-_Updated_05.2025.pdf,an Incapacitated Person,
Fillable_Annual_Report_of_the_Person-_Updated_05.2025.pdf,INITIAL,
Fillable_Annual_Report_of_the_Person-_Updated_05.2025.pdf,ANNUAL,
Fillable_Annual_Report_of_the_Person-_Updated_05.2025.pdf,FINAL,
Fillable_Annual_Report_of_the_Person-_Updated_05.2025.pdf,Guardianship of Person Only,
Fillable_Annual_Report_of_the_Person-_Updated_05.2025.pdf,Guardianship of Person and Estate,
Fillable_Annual_Report_of_the_Person-_Updated_05.2025.pdf,Name,
Fillable_Annual_Report_of_the_Person-_Updated_05.2025.pdf,Age,
Fillable_Annual_Report_of_the_Person-_Updated_05.2025.pdf,DOB,
Fillable_Annual_Report_of_the_Person-_Updated_05.2025.pdf,Address no PO Box,
Fillable_Annual_Report_of_the_Person-_Updated_05.2025.pdf,CityStateZip,
Fillable_Annual_Report_of_the_Person-_Updated_05.2025.pdf,Phone,ward_phone
Fillable_Annual_Report_of_the_Person-_Updated_05.2025.pdf,New Address,ward_address
Fillable_Annual_Report_of_the_Person-_Updated_05.2025.pdf,2 GUARDIANs Names,guardian2_name
Fillable_Annual_Report_of_the_Person-_Updated_05.2025.pdf,Ages,
Fillable_Annual_Report_of_the_Person-_Updated_05.2025.pdf,DOBs,
Fillable_Annual_Report_of_the_Person-_Updated_05.2025.pdf,Email,
Fillable_Annual_Report_of_the_Person-_Updated_05.2025.pdf,Address no PO Box_2,
Fillable_Annual_Report_of_the_Person-_Updated_05.2025.pdf,CityStateZip_2,
Fillable_Annual_Report_of_the_Person-_Updated_05.2025.pdf,Phone_2,
Fillable_Annual_Report_of_the_Person-_Updated_05.2025.pdf,New Address_2,ward_address
Fillable_Annual_Report_of_the_Person-_Updated_05.2025.pdf,Relationship to Ward,
Fillable_Annual_Report_of_the_Person-_Updated_05.2025.pdf,a minor traffic offense,
Fillable_Annual_Report_of_the_Person-_Updated_05.2025.pdf,If YES explain,
Fillable_Annual_Report_of_the_Person-_Updated_05.2025.pdf,Branch Certification Commission during the past reporting year,
Fillable_Annual_Report_of_the_Person-_Updated_05.2025.pdf,I am resigning,
Fillable_Annual_Report_of_the_Person-_Updated_05.2025.pdf,the ward has died attach copy of death certificate,
Fillable_Annual_Report_of_the_Person-_Updated_05.2025.pdf,other if other please explain,
Fillable_Annual_Report_of_the_Person-_Updated_05.2025.pdf,the ward has turned 18 attach copy of birth certificate,
Fillable_Annual_Report_of_the_Person-_Updated_05.2025.pdf,undefined_2,
Fillable_Annual_Report_of_the_Person-_Updated_05.2025.pdf,If you are resigning has a successor guardian been identified,
Fillable_Annual_Report_of_the_Person-_Updated_05.2025.pdf,Name_2,
Fillable_Annual_Report_of_the_Person-_Updated_05.2025.pdf,Age_2,
Fillable_Annual_Report_of_the_Person-_Updated_05.2025.pdf,DOB_2,
Fillable_Annual_Report_of_the_Person-_Updated_05.2025.pdf,Address,ward_address
Fillable_Annual_Report_of_the_Person-_Updated_05.2025.pdf,CityStateZip_3,
Fillable_Annual_Report_of_the_Person-_Updated_05.2025.pdf,Phone_3,
Fillable_Annual_Report_of_the_Person-_Updated_05.2025.pdf,YES_6,
Fillable_Annual_Report_of_the_Person-_Updated_05.2025.pdf,NO   If NO please state how many times during the last year that,
Fillable_Annual_Report_of_the_Person-_Updated_05.2025.pdf,you visited the Ward in person,
Fillable_Annual_Report_of_the_Person-_Updated_05.2025.pdf,times  Date of last visit,
Fillable_Annual_Report_of_the_Person-_Updated_05.2025.pdf,If zero visits please explain,
Fillable_Annual_Report_of_the_Person-_Updated_05.2025.pdf,Wards home,ward_phone
Fillable_Annual_Report_of_the_Person-_Updated_05.2025.pdf,Guardians home,guardian1_phone
Fillable_Annual_Report_of_the_Person-_Updated_05.2025.pdf,Or in the type of facility checked below,
Fillable_Annual_Report_of_the_Person-_Updated_05.2025.pdf,Foster home,
Fillable_Annual_Report_of_the_Person-_Updated_05.2025.pdf,Boarding home,
Fillable_Annual_Report_of_the_Person-_Updated_05.2025.pdf,Relatives home give relatives name and relationship,
Fillable_Annual_Report_of_the_Person-_Updated_05.2025.pdf,Nursing Home,
Fillable_Annual_Report_of_the_Person-_Updated_05.2025.pdf,Group home,
Fillable_Annual_Report_of_the_Person-_Updated_05.2025.pdf,HospitalMedical facility,
Fillable_Annual_Report_of_the_Person-_Updated_05.2025.pdf,State Supported Living Center State School,
Fillable_Annual_Report_of_the_Person-_Updated_05.2025.pdf,Other,
Fillable_Annual_Report_of_the_Person-_Updated_05.2025.pdf,Please provide NAME of facility,
Fillable_Annual_Report_of_the_Person-_Updated_05.2025.pdf,How long has the Ward lived at this address,
Fillable_Annual_Report_of_the_Person-_Updated_05.2025.pdf,undefined_3,
Fillable_Annual_Report_of_the_Person-_Updated_05.2025.pdf,If YES explain_2,
Fillable_Annual_Report_of_the_Person-_Updated_05.2025.pdf,Any change in residence in last year,
Fillable_Annual_Report_of_the_Person-_Updated_05.2025.pdf,A Source of Wards income,
Fillable_Annual_Report_of_the_Person-_Updated_05.2025.pdf,B Annual amount of Wards income,
Fillable_Annual_Report_of_the_Person-_Updated_05.2025.pdf,If zero explain,
Fillable_Annual_Report_of_the_Person-_Updated_05.2025.pdf,In addition to the Guardian of the Person is there a Courtappointed Guardian of the Wards estate,
Fillable_Annual_Report_of_the_Person-_Updated_05.2025.pdf,1 Has a Court Order directed you to manage funds up to 20000 of the Ward other than,
Fillable_Annual_Report_of_the_Person-_Updated_05.2025.pdf,2 Are you the representative payee of the Wards Social Security Disability SSI or Social,
Fillable_Annual_Report_of_the_Person-_Updated_05.2025.pdf,B If there IS a Guardian for the Wards estate please answer the following two questions,
Fillable_Annual_Report_of_the_Person-_Updated_05.2025.pdf,2 Do you as Guardian of the Person receive an allowance from the Guardian of the Estate,
Fillable_Annual_Report_of_the_Person-_Updated_05.2025.pdf,If YES annual amount of allowance received,
Fillable_Annual_Report_of_the_Person-_Updated_05.2025.pdf,formally approved by the Court  This is not the same as a Care Plan from a medical provider,
Fillable_Annual_Report_of_the_Person-_Updated_05.2025.pdf,Physician  Name,
Fillable_Annual_Report_of_the_Person-_Updated_05.2025.pdf,Court even if the Wards residential facility arranges the services,
Fillable_Annual_Report_of_the_Person-_Updated_05.2025.pdf,Describe,
Fillable_Annual_Report_of_the_Person-_Updated_05.2025.pdf,undefined_4,
Fillable_Annual_Report_of_the_Person-_Updated_05.2025.pdf,Psychiatrist Name,ward_first_name
Fillable_Annual_Report_of_the_Person-_Updated_05.2025.pdf,Does the Ward see this doctor on a regular basis,
Fillable_Annual_Report_of_the_Person-_Updated_05.2025.pdf,Describe_2,
Fillable_Annual_Report_of_the_Person-_Updated_05.2025.pdf,Social Worker or other case worker  Name,
Fillable_Annual_Report_of_the_Person-_Updated_05.2025.pdf,undefined_5,
Fillable_Annual_Report_of_the_Person-_Updated_05.2025.pdf,Describe_3,
Fillable_Annual_Report_of_the_Person-_Updated_05.2025.pdf,Dentist  Name,ward_first_name
Fillable_Annual_Report_of_the_Person-_Updated_05.2025.pdf,undefined_6,
Fillable_Annual_Report_of_the_Person-_Updated_05.2025.pdf,Describe_4,
Fillable_Annual_Report_of_the_Person-_Updated_05.2025.pdf,Other  Name,
Fillable_Annual_Report_of_the_Person-_Updated_05.2025.pdf,undefined_7,
Fillable_Annual_Report_of_the_Person-_Updated_05.2025.pdf,Describe_5,
Fillable_Annual_Report_of_the_Person-_Updated_05.2025.pdf,Dont leave blank or simply write the name of the residential facility 1,
Fillable_Annual_Report_of_the_Person-_Updated_05.2025.pdf,Dont leave blank or simply write the name of the residential facility 2,
Fillable_Annual_Report_of_the_Person-_Updated_05.2025.pdf,Recreational,
Fillable_Annual_Report_of_the_Person-_Updated_05.2025.pdf,Educational,
Fillable_Annual_Report_of_the_Person-_Updated_05.2025.pdf,Social,
Fillable_Annual_Report_of_the_Person-_Updated_05.2025.pdf,Occupational,
Fillable_Annual_Report_of_the_Person-_Updated_05.2025.pdf,None available,
Fillable_Annual_Report_of_the_Person-_Updated_05.2025.pdf,Refuses or is unable to participate,
Fillable_Annual_Report_of_the_Person-_Updated_05.2025.pdf,undefined_8,
Fillable_Annual_Report_of_the_Person-_Updated_05.2025.pdf,undefined_9,
Fillable_Annual_Report_of_the_Person-_Updated_05.2025.pdf,Representative Payee for Social Security benefits,
Fillable_Annual_Report_of_the_Person-_Updated_05.2025.pdf,Services from a local mental healthintellectual and developmental disability authority include name of,
Fillable_Annual_Report_of_the_Person-_Updated_05.2025.pdf,Services from a Medicaid program including a Medicaid waiver program include name of provider and,
Fillable_Annual_Report_of_the_Person-_Updated_05.2025.pdf,0,
Fillable_Annual_Report_of_the_Person-_Updated_05.2025.pdf,Informal supports and services include name of provider and location where services are provided,
Fillable_Annual_Report_of_the_Person-_Updated_05.2025.pdf,1,
Fillable_Annual_Report_of_the_Person-_Updated_05.2025.pdf,Text1,
Fillable_Annual_Report_of_the_Person-_Updated_05.2025.pdf,Text2,
Fillable_Annual_Report_of_the_Person-_Updated_05.2025.pdf,Text3,
Fillable_Annual_Report_of_the_Person-_Updated_05.2025.pdf,Text4,
Fillable_Annual_Report_of_the_Person-_Updated_05.2025.pdf,Check Box8,
Fillable_Annual_Report_of_the_Person-_Updated_05.2025.pdf,Remained about the same,
Fillable_Annual_Report_of_the_Person-_Updated_05.2025.pdf,Improved  Describe,
Fillable_Annual_Report_of_the_Person-_Updated_05.2025.pdf,Deteriorated  Describe,
Fillable_Annual_Report_of_the_Person-_Updated_05.2025.pdf,undefined_11,
Fillable_Annual_Report_of_the_Person-_Updated_05.2025.pdf,undefined_12,
Fillable_Annual_Report_of_the_Person-_Updated_05.2025.pdf,HAVE FILED,date_arp_filed
Fillable_Annual_Report_of_the_Person-_Updated_05.2025.pdf,HAVE NOT FILED for Emergency Detention of the Ward,
Fillable_Annual_Report_of_the_Person-_Updated_05.2025.pdf,hospitalization of the Ward for mental health or safety reasons  If you answered HAVE FILED please list the,
Fillable_Annual_Report_of_the_Person-_Updated_05.2025.pdf,Remained about the same_2,
Fillable_Annual_Report_of_the_Person-_Updated_05.2025.pdf,Improved  Describe_2,
Fillable_Annual_Report_of_the_Person-_Updated_05.2025.pdf,Deteriorated  Describe_2,
Fillable_Annual_Report_of_the_Person-_Updated_05.2025.pdf,undefined_13,
Fillable_Annual_Report_of_the_Person-_Updated_05.2025.pdf,undefined_14,
Fillable_Annual_Report_of_the_Person-_Updated_05.2025.pdf,17 As guardian I believe the Wards living arrangements are,
Fillable_Annual_Report_of_the_Person-_Updated_05.2025.pdf,Excellent,
Fillable_Annual_Report_of_the_Person-_Updated_05.2025.pdf,Average,
Fillable_Annual_Report_of_the_Person-_Updated_05.2025.pdf,Below average,
Fillable_Annual_Report_of_the_Person-_Updated_05.2025.pdf,If below average explain,
Fillable_Annual_Report_of_the_Person-_Updated_05.2025.pdf,HappyContent with living situation,
Fillable_Annual_Report_of_the_Person-_Updated_05.2025.pdf,Unhappy with living situation,
Fillable_Annual_Report_of_the_Person-_Updated_05.2025.pdf,DOES,
Fillable_Annual_Report_of_the_Person-_Updated_05.2025.pdf,DOES NOT,
Fillable_Annual_Report_of_the_Person-_Updated_05.2025.pdf,Unmet needs  problems with food shelter medical care,
Fillable_Annual_Report_of_the_Person-_Updated_05.2025.pdf,If you answered DOES please explain,
Fillable_Annual_Report_of_the_Person-_Updated_05.2025.pdf,20 The power authorized by this guardianship should be,
Fillable_Annual_Report_of_the_Person-_Updated_05.2025.pdf,Unchanged,
Fillable_Annual_Report_of_the_Person-_Updated_05.2025.pdf,Decreased explain,
Fillable_Annual_Report_of_the_Person-_Updated_05.2025.pdf,Increased explain,
Fillable_Annual_Report_of_the_Person-_Updated_05.2025.pdf,undefined_15,
Fillable_Annual_Report_of_the_Person-_Updated_05.2025.pdf,If no state the reasons why the Ward does not have capacity or sufficient capacity with supports and services for a,
Fillable_Annual_Report_of_the_Person-_Updated_05.2025.pdf,complete restoration of their capacity or modification of the guardianship 1,
Fillable_Annual_Report_of_the_Person-_Updated_05.2025.pdf,complete restoration of their capacity or modification of the guardianship 2,
Fillable_Annual_Report_of_the_Person-_Updated_05.2025.pdf,complete restoration of their capacity or modification of the guardianship 3,
Fillable_Annual_Report_of_the_Person-_Updated_05.2025.pdf,complete restoration of their capacity or modification of the guardianship 4,
Fillable_Annual_Report_of_the_Person-_Updated_05.2025.pdf,complete restoration of their capacity or modification of the guardianship 5,
Fillable_Annual_Report_of_the_Person-_Updated_05.2025.pdf,Yes or No,
Fillable_Annual_Report_of_the_Person-_Updated_05.2025.pdf,Text5,
Fillable_Annual_Report_of_the_Person-_Updated_05.2025.pdf,I affirm that I already have done the following or will do so within one week of the date I sign this,
Fillable_Annual_Report_of_the_Person-_Updated_05.2025.pdf,I affirm that I will give the ward a copy of this annual report within 30 days of the date I sign the,
Fillable_Annual_Report_of_the_Person-_Updated_05.2025.pdf,I have a corporate surety bond with a yearly premium and HAVE PAID the bond premium for the next,
Fillable_Annual_Report_of_the_Person-_Updated_05.2025.pdf,I have a corporate surety bond with a yearly premium and HAVE NOT PAID the bond premium for the,
Fillable_Annual_Report_of_the_Person-_Updated_05.2025.pdf,next reporting period explain,
Fillable_Annual_Report_of_the_Person-_Updated_05.2025.pdf,I have a corporate surety forever bond and I have paid the onetime bond premium,
Fillable_Annual_Report_of_the_Person-_Updated_05.2025.pdf,I have a CASH BOND on file with the Court,
Fillable_Annual_Report_of_the_Person-_Updated_05.2025.pdf,HHSC guardianship,
Fillable_Annual_Report_of_the_Person-_Updated_05.2025.pdf,may continue on another page 1,
Fillable_Annual_Report_of_the_Person-_Updated_05.2025.pdf,may continue on another page 2,
Fillable_Annual_Report_of_the_Person-_Updated_05.2025.pdf,may continue on another page 3,
Fillable_Annual_Report_of_the_Person-_Updated_05.2025.pdf,may continue on another page 4,
Fillable_Annual_Report_of_the_Person-_Updated_05.2025.pdf,may continue on another page 5,
Fillable_Annual_Report_of_the_Person-_Updated_05.2025.pdf,may continue on another page 6,
Fillable_Annual_Report_of_the_Person-_Updated_05.2025.pdf,may continue on another page 7,
Fillable_Annual_Report_of_the_Person-_Updated_05.2025.pdf,Text7,
Fillable_Annual_Report_of_the_Person-_Updated_05.2025.pdf,insert name of guardian of the person,
Fillable_Annual_Report_of_the_Person-_Updated_05.2025.pdf,insert name of ward,
Fillable_Annual_Report_of_the_Person-_Updated_05.2025.pdf,Executed on,
Fillable_Annual_Report_of_the_Person-_Updated_05.2025.pdf,20,
Fillable_Annual_Report_of_the_Person-_Updated_05.2025.pdf,Guardians signature,guardian2_name
Fillable_Annual_Report_of_the_Person-_Updated_05.2025.pdf,If this report is for CoGuardians also complete the following,
Fillable_Annual_Report_of_the_Person-_Updated_05.2025.pdf,insert name of coguardian of the person,
Fillable_Annual_Report_of_the_Person-_Updated_05.2025.pdf,insert name of ward_2,
Fillable_Annual_Report_of_the_Person-_Updated_05.2025.pdf,Executed on_2,
Fillable_Annual_Report_of_the_Person-_Updated_05.2025.pdf,20_2,
Fillable_Annual_Report_of_the_Person-_Updated_05.2025.pdf,CoGuardians signature if any,
Fillable_Annual_Report_of_the_Person-_Updated_05.2025.pdf,Text6,
Fillable_Annual_Report_of_the_Person-_Updated_05.2025.pdf,Text8,
Fillable_Annual_Report_of_the_Person-_Updated_05.2025.pdf,Text9,
Fillable_Annual_Report_of_the_Person-_Updated_05.2025.pdf,Text10,
Fillable_Annual_Report_of_the_Person-_Updated_05.2025.pdf,Text11,
Fillable_Annual_Report_of_the_Person-_Updated_05.2025.pdf,Check Box12,
Fillable_Annual_Report_of_the_Person-_Updated_05.2025.pdf,start date,visit_date
Fillable_Annual_Report_of_the_Person-_Updated_05.2025.pdf,end date,visit_date
Fillable_Annual_Report_of_the_Person-_Updated_05.2025.pdf,Court Number,cause_number
